query_name,market_hash_name,pattern_families,paint_seed,seed_confidence,overall_confidence,ask,ask_seller_net,base_ask_mean_10,base_ask_n,market_overpay_mult,market_overpay_pct,expected_overpay_mult,expected_overpay_pct,overpay_gap_mult,overpay_gap_pct,expected_price,edge_abs,edge_ratio,float_value,listing_id,asset_id,scm_total_listings,converted_price,converted_fee,converted_currencyid,asset_properties_json,target_notes
AWP | Electric Hive,AWP | Electric Hive (Factory New),Max Orange | Max Blue,384,0.8,0.8,192.51,167.4,188.371,10,1.0219725966311162,0.02197259663111617,1.7,0.7,0.6780274033688838,0.6780274033688838,320.2307,127.72070000000002,0.6634496909251468,0.03252482414246,653725574925633304,1947610051,64,16740,2511,2003,,Orange/Blue pattern market жив давно; max orange — один из core patterns.; Max blue обычно интереснее именно для pattern-sniping.
AWP | Electric Hive,AWP | Electric Hive (Factory New),Max Orange | Max Blue,611,0.8,0.8,391.17,340.16,188.371,10,2.0765935308513517,1.0765935308513517,1.7,0.7,-0.3765935308513517,-0.3765935308513517,320.2307,-70.9393,-0.18135158626684045,0.0589067004621,770813104949904348,49102616211,64,34016,5101,2003,,Orange/Blue pattern market жив давно; max orange — один из core patterns.; Max blue обычно интереснее именно для pattern-sniping.
AWP | Electric Hive,AWP | Electric Hive (Field-Tested),Max Orange | Max Blue,611,0.8,0.8,54.3,47.22,42.596000000000004,10,1.2747675838106862,0.2747675838106862,1.7,0.7,0.42523241618931373,0.42523241618931373,72.4132,18.113200000000006,0.3335764272559856,0.26728489995003,648095441393129850,50720515969,74,4722,708,2003,,Orange/Blue pattern market жив давно; max orange — один из core patterns.; Max blue обычно интереснее именно для pattern-sniping.
AWP | Electric Hive,AWP | Electric Hive (Field-Tested),Max Orange | Max Blue,902,0.8,0.8,74.75,65.0,42.596000000000004,10,1.7548596112311015,0.7548596112311015,2.0,1.0,0.24514038876889854,0.24514038876889854,85.19200000000001,10.442000000000007,0.13969230769230778,0.15666888654232,778695395221454541,48026382651,74,6500,975,2003,,Orange/Blue pattern market жив давно; max orange — один из core patterns.; Max blue обычно интереснее именно для pattern-sniping.
AWP | Electric Hive,AWP | Electric Hive (Field-Tested),Max Orange | Max Blue,598,0.8,0.8,102.36,89.01,42.596000000000004,10,2.403042539205559,1.403042539205559,2.0,1.0,-0.403042539205559,-0.403042539205559,85.19200000000001,-17.167999999999992,-0.1677217663149667,0.16689501702785,635708640145736023,49450252735,74,8901,1335,2003,,Orange/Blue pattern market жив давно; max orange — один из core patterns.; Max blue обычно интереснее именно для pattern-sniping.
AWP | Electric Hive,AWP | Electric Hive (Field-Tested),Max Orange | Max Blue,540,0.8,0.8,128.34,111.6,42.596000000000004,10,3.012958963282937,2.012958963282937,1.7,0.7,-1.3129589632829373,-1.3129589632829373,72.4132,-55.9268,-0.43577060931899636,0.17110358178616,685236278172527739,16824880123,74,11160,1674,2003,,Orange/Blue pattern market жив давно; max orange — один из core patterns.; Max blue обычно интереснее именно для pattern-sniping.
AWP | Electric Hive,AWP | Electric Hive (Field-Tested),Max Orange | Max Blue,96,0.8,0.8,345.0,300.0,42.596000000000004,10,8.099352051835853,7.099352051835853,1.7,0.7,-6.399352051835852,-6.399352051835852,72.4132,-272.5868,-0.7901066666666666,0.3652600646019,764052989536872977,45613813835,74,30000,4500,2003,,Orange/Blue pattern market жив давно; max orange — один из core patterns.; Max blue обычно интереснее именно для pattern-sniping.
AWP | Electric Hive,AWP | Electric Hive (Minimal Wear),Max Orange | Max Blue,376,0.8,0.8,69.17,60.16,51.54299999999999,10,1.3419863026987178,0.34198630269871777,1.7,0.7,0.3580136973012822,0.3580136973012822,87.62309999999998,18.453099999999978,0.26677895041202815,0.107446603477,556898911186500061,47538771563,72,6016,901,2003,,Orange/Blue pattern market жив давно; max orange — один из core patterns.; Max blue обычно интереснее именно для pattern-sniping.
AWP | Electric Hive,AWP | Electric Hive (Minimal Wear),Max Orange | Max Blue,385,0.8,0.8,427.77,371.99,51.54299999999999,10,8.299284092893313,7.299284092893313,2.0,1.0,-6.299284092893313,-6.299284092893313,103.08599999999998,-324.68399999999997,-0.7590153587208079,0.0790111348033,635708009625032571,40354240095,72,37199,5578,2003,,Orange/Blue pattern market жив давно; max orange — один из core patterns.; Max blue обычно интереснее именно для pattern-sniping.
AWP | Electric Hive,AWP | Electric Hive (Minimal Wear),Max Orange | Max Blue,138,0.8,0.8,1791.32,1557.68,51.54299999999999,10,34.753894806278254,33.753894806278254,2.0,1.0,-32.753894806278254,-32.753894806278254,103.08599999999998,-1688.234,-0.9424524931335552,0.12844048440456,630083017705704894,49770979885,72,155768,23364,2003,,Orange/Blue pattern market жив давно; max orange — один из core patterns.; Max blue обычно интереснее именно для pattern-sniping.
AWP | PAW,AWP | PAW (Battle-Scarred),Gold Cat | Stoner Cat | Gold Grenade | Cat Knife | Gas Mask,97,0.8,0.8,3.87,3.38,3.003,10,1.2887112887112886,0.2887112887112886,1.6,0.6000000000000001,0.3112887112887115,0.3112887112887115,4.8048,0.9348000000000001,0.2415503875968994,0.48849678039551,636833909538607116,49828971450,79,338,49,2003,,"Самый ясный и ликвидный PAW-motif. Часто проще всего для поисков по Steam.; Мемный, но recognised motif. Иногда misprice встречается из-за слабой верификации seller'ом.; Второй эшелон PAW patterns, collector premium есть, но спрос уже уже.; Нишевая, но известная вариация.; Pattern premium реальный, но более niche, чем Gold Cat."
AWP | PAW,AWP | PAW (Battle-Scarred),Gold Cat | Stoner Cat | Gold Grenade | Cat Knife | Gas Mask,900,0.8,0.8,14.76,12.84,3.003,10,4.915084915084915,3.9150849150849147,1.6,0.6000000000000001,-3.3150849150849147,-3.3150849150849147,4.8048,-9.9552,-0.6744715447154471,0.49322825670242,785452138020961531,47547874484,79,1284,192,2003,,"Самый ясный и ликвидный PAW-motif. Часто проще всего для поисков по Steam.; Мемный, но recognised motif. Иногда misprice встречается из-за слабой верификации seller'ом.; Второй эшелон PAW patterns, collector premium есть, но спрос уже уже.; Нишевая, но известная вариация.; Pattern premium реальный, но более niche, чем Gold Cat."
AWP | PAW,AWP | PAW (Well-Worn),Gold Cat | Stoner Cat | Gold Grenade | Cat Knife | Gas Mask,685,0.8,0.8,3.39,2.96,3.21,10,1.0560747663551402,0.05607476635514019,1.6,0.6000000000000001,0.5439252336448599,0.5439252336448599,5.136,1.746,0.5150442477876107,0.43663081526756,637962976196691967,50978220950,99,296,43,2003,,"Самый ясный и ликвидный PAW-motif. Часто проще всего для поисков по Steam.; Мемный, но recognised motif. Иногда misprice встречается из-за слабой верификации seller'ом.; Второй эшелон PAW patterns, collector premium есть, но спрос уже уже.; Нишевая, но известная вариация.; Pattern premium реальный, но более niche, чем Gold Cat."
AWP | PAW,AWP | PAW (Well-Worn),Gold Cat | Stoner Cat | Gold Grenade | Cat Knife | Gas Mask,954,0.8,0.8,21.34,18.57,3.21,10,6.64797507788162,5.64797507788162,1.6,0.6000000000000001,-5.04797507788162,-5.04797507788162,5.136,-16.204,-0.7593252108716027,0.44784379005432,776444863718658784,49477833562,99,1857,277,2003,,"Самый ясный и ликвидный PAW-motif. Часто проще всего для поисков по Steam.; Мемный, но recognised motif. Иногда misprice встречается из-за слабой верификации seller'ом.; Второй эшелон PAW patterns, collector premium есть, но спрос уже уже.; Нишевая, но известная вариация.; Pattern premium реальный, но более niche, чем Gold Cat."
AWP | PAW,AWP | PAW (Well-Worn),Gold Cat | Stoner Cat | Gold Grenade | Cat Knife | Gas Mask,429,0.8,0.8,30.78,26.78,3.21,10,9.588785046728972,8.588785046728972,1.6,0.6000000000000001,-7.988785046728973,-7.988785046728973,5.136,-25.644000000000002,-0.8331384015594542,0.44283702969551,631207576762957473,50937432336,99,2678,400,2003,,"Самый ясный и ликвидный PAW-motif. Часто проще всего для поисков по Steam.; Мемный, но recognised motif. Иногда misprice встречается из-за слабой верификации seller'ом.; Второй эшелон PAW patterns, collector premium есть, но спрос уже уже.; Нишевая, но известная вариация.; Pattern premium реальный, но более niche, чем Gold Cat."
AWP | PAW,AWP | PAW (Well-Worn),Gold Cat | Stoner Cat | Gold Grenade | Cat Knife | Gas Mask,420,0.8,0.8,94.16,81.89,3.21,10,29.333333333333332,28.333333333333332,1.8,0.8,-27.53333333333333,-27.53333333333333,5.7780000000000005,-88.38199999999999,-0.9386363636363636,0.41765651106834,740407822401818455,45865318082,99,8189,1227,2003,,"Самый ясный и ликвидный PAW-motif. Часто проще всего для поисков по Steam.; Мемный, но recognised motif. Иногда misprice встречается из-за слабой верификации seller'ом.; Второй эшелон PAW patterns, collector premium есть, но спрос уже уже.; Нишевая, но известная вариация.; Pattern premium реальный, но более niche, чем Gold Cat."
AWP | PAW,StatTrak™ AWP | PAW (Battle-Scarred),Gold Cat | Stoner Cat | Gold Grenade | Cat Knife | Gas Mask,628,0.8,0.8,64.94,56.48,9.291,10,6.9895597890431596,5.9895597890431596,1.6,0.6000000000000001,-5.38955978904316,-5.38955978904316,14.8656,-50.0744,-0.7710871573760394,0.4979926943779,803466536343324573,26566784834,22,5648,846,2003,,"Самый ясный и ликвидный PAW-motif. Часто проще всего для поисков по Steam.; Мемный, но recognised motif. Иногда misprice встречается из-за слабой верификации seller'ом.; Второй эшелон PAW patterns, collector premium есть, но спрос уже уже.; Нишевая, но известная вариация.; Pattern premium реальный, но более niche, чем Gold Cat."
AWP | PAW,StatTrak™ AWP | PAW (Factory New),Gold Cat | Stoner Cat | Gold Grenade | Cat Knife | Gas Mask,737,0.8,0.8,61.46,53.45,18.417,10,3.3371341695172934,2.3371341695172934,1.6,0.6000000000000001,-1.7371341695172933,-1.7371341695172933,29.467200000000005,-31.992799999999995,-0.5205466970387242,0.04576386138797,669488905357694535,50879668978,106,5345,801,2003,,"Самый ясный и ликвидный PAW-motif. Часто проще всего для поисков по Steam.; Мемный, но recognised motif. Иногда misprice встречается из-за слабой верификации seller'ом.; Второй эшелон PAW patterns, collector premium есть, но спрос уже уже.; Нишевая, но известная вариация.; Pattern premium реальный, но более niche, чем Gold Cat."
AWP | PAW,StatTrak™ AWP | PAW (Factory New),Gold Cat | Stoner Cat | Gold Grenade | Cat Knife | Gas Mask,628,0.8,0.8,75.02,65.24,18.417,10,4.0734104360102075,3.0734104360102075,1.6,0.6000000000000001,-2.4734104360102074,-2.4734104360102074,29.467200000000005,-45.55279999999999,-0.607208744334844,0.04240317642689,640212873547722070,46660114788,106,6524,978,2003,,"Самый ясный и ликвидный PAW-motif. Часто проще всего для поисков по Steam.; Мемный, но recognised motif. Иногда misprice встречается из-за слабой верификации seller'ом.; Второй эшелон PAW patterns, collector premium есть, но спрос уже уже.; Нишевая, но известная вариация.; Pattern premium реальный, но более niche, чем Gold Cat."
AWP | PAW,StatTrak™ AWP | PAW (Field-Tested),Gold Cat | Stoner Cat | Gold Grenade | Cat Knife | Gas Mask,788,0.8,0.8,12.6,10.97,8.538,10,1.4757554462403373,0.4757554462403373,1.8,0.8,0.32424455375966277,0.32424455375966277,15.368400000000001,2.7684000000000015,0.21971428571428575,0.21414855122566,639088242108243378,50556601540,125,1097,163,2003,,"Самый ясный и ликвидный PAW-motif. Часто проще всего для поисков по Steam.; Мемный, но recognised motif. Иногда misprice встречается из-за слабой верификации seller'ом.; Второй эшелон PAW patterns, collector premium есть, но спрос уже уже.; Нишевая, но известная вариация.; Pattern premium реальный, но более niche, чем Gold Cat."
AWP | PAW,StatTrak™ AWP | PAW (Field-Tested),Gold Cat | Stoner Cat | Gold Grenade | Cat Knife | Gas Mask,350,0.8,0.8,34.22,29.77,8.538,10,4.007964394471773,3.007964394471773,3.0,2.0,-1.0079643944717729,-1.0079643944717729,25.614,-8.605999999999998,-0.25149035651665685,0.21148976683617,669488905353338175,48730768526,125,2977,445,2003,,"Самый ясный и ликвидный PAW-motif. Часто проще всего для поисков по Steam.; Мемный, но recognised motif. Иногда misprice встречается из-за слабой верификации seller'ом.; Второй эшелон PAW patterns, collector premium есть, но спрос уже уже.; Нишевая, но известная вариация.; Pattern premium реальный, но более niche, чем Gold Cat."
AWP | PAW,StatTrak™ AWP | PAW (Field-Tested),Gold Cat | Stoner Cat | Gold Grenade | Cat Knife | Gas Mask,710,0.8,0.8,60.75,52.83,8.538,10,7.115249472944483,6.115249472944483,1.8,0.8,-5.315249472944483,-5.315249472944483,15.368400000000001,-45.3816,-0.7470222222222223,0.21179027855396,644717288454527973,47954201005,125,5283,792,2003,,"Самый ясный и ликвидный PAW-motif. Часто проще всего для поисков по Steam.; Мемный, но recognised motif. Иногда misprice встречается из-за слабой верификации seller'ом.; Второй эшелон PAW patterns, collector premium есть, но спрос уже уже.; Нишевая, но известная вариация.; Pattern premium реальный, но более niche, чем Gold Cat."
AWP | PAW,StatTrak™ AWP | PAW (Field-Tested),Gold Cat | Stoner Cat | Gold Grenade | Cat Knife | Gas Mask,350,0.8,0.8,106.92,92.99,8.538,10,12.522839072382292,11.522839072382292,3.0,2.0,-9.522839072382292,-9.522839072382292,25.614,-81.306,-0.7604377104377105,0.16874922811985,796709793738843570,49591728764,125,9299,1393,2003,,"Самый ясный и ликвидный PAW-motif. Часто проще всего для поисков по Steam.; Мемный, но recognised motif. Иногда misprice встречается из-за слабой верификации seller'ом.; Второй эшелон PAW patterns, collector premium есть, но спрос уже уже.; Нишевая, но известная вариация.; Pattern premium реальный, но более niche, чем Gold Cat."
AWP | PAW,StatTrak™ AWP | PAW (Minimal Wear),Gold Cat | Stoner Cat | Gold Grenade | Cat Knife | Gas Mask,41,0.8,0.8,179.71,156.28,11.442,10,15.706170249956301,14.706170249956301,3.0,2.0,-12.706170249956301,-12.706170249956301,34.326,-145.38400000000001,-0.808992265316343,0.10343618690968,635708009622663555,48474451883,62,15628,2343,2003,,"Самый ясный и ликвидный PAW-motif. Часто проще всего для поисков по Steam.; Мемный, но recognised motif. Иногда misprice встречается из-за слабой верификации seller'ом.; Второй эшелон PAW patterns, collector premium есть, но спрос уже уже.; Нишевая, но известная вариация.; Pattern premium реальный, но более niche, чем Gold Cat."
AWP | PAW,StatTrak™ AWP | PAW (Minimal Wear),Gold Cat | Stoner Cat | Gold Grenade | Cat Knife | Gas Mask,350,0.8,0.8,324.0,281.75,11.442,10,28.31672784478238,27.31672784478238,3.0,2.0,-25.31672784478238,-25.31672784478238,34.326,-289.674,-0.8940555555555556,0.0821431428194,782063670420425409,36221040393,62,28175,4225,2003,,"Самый ясный и ликвидный PAW-motif. Часто проще всего для поисков по Steam.; Мемный, но recognised motif. Иногда misprice встречается из-за слабой верификации seller'ом.; Второй эшелон PAW patterns, collector premium есть, но спрос уже уже.; Нишевая, но известная вариация.; Pattern premium реальный, но более niche, чем Gold Cat."
Five-SeveN | Case Hardened,Five-SeveN | Case Hardened (Field-Tested),Blue Gem Top,690,0.92,0.92,1475.81,1283.32,20.231,10,72.94795116405516,71.94795116405516,6.0,5.0,-66.94795116405516,-66.94795116405516,121.38600000000001,-1354.424,-0.9177495748097655,0.3601707816124,775323495733289118,51115952637,139,128332,19249,2003,,"Уже не ножевой сегмент, но premium всё ещё очень большой и рынок seed-aware."
Five-SeveN | Kami,Five-SeveN | Kami (Factory New),Top / meme / collector,348,0.88,0.88,51.75,45.0,10.987,10,4.710111950486939,3.7101119504869393,3.0,2.0,-1.7101119504869393,-1.7101119504869393,32.961,-18.789,-0.36307246376811597,0.03186344355345,658230443476180502,50429225945,254,4500,675,2003,,Главный non-knife meme case. #909 — strongest collector seed; остальные тоже узнаваемы у pattern-рынка.
Five-SeveN | Kami,Five-SeveN | Kami (Factory New),Top / meme / collector,411,0.88,0.88,74.49,64.79,10.987,10,6.77983070901975,5.77983070901975,3.0,2.0,-3.77983070901975,-3.77983070901975,32.961,-41.528999999999996,-0.5575110753121224,0.040213778615,788834295059391728,47898881322,254,6479,970,2003,,Главный non-knife meme case. #909 — strongest collector seed; остальные тоже узнаваемы у pattern-рынка.
Five-SeveN | Kami,Five-SeveN | Kami (Factory New),Top / meme / collector,348,0.88,0.88,117.08,101.81,10.987,10,10.656230090106488,9.656230090106488,3.0,2.0,-7.656230090106488,-7.656230090106488,32.961,-84.119,-0.7184745473180731,0.03557109087706,653723672485729420,30118927845,254,10181,1527,2003,,Главный non-knife meme case. #909 — strongest collector seed; остальные тоже узнаваемы у pattern-рынка.
Five-SeveN | Kami,Five-SeveN | Kami (Field-Tested),Top / meme / collector,909,0.88,0.88,777.0,675.66,3.009,10,258.22532402791626,257.22532402791626,8.0,7.0,-250.22532402791626,-250.22532402791626,24.072,-752.928,-0.969019305019305,0.28850850462914,640212873599596954,48120787327,59,67566,10134,2003,,Главный non-knife meme case. #909 — strongest collector seed; остальные тоже узнаваемы у pattern-рынка.
Five-SeveN | Kami,Five-SeveN | Kami (Minimal Wear),Top / meme / collector,411,0.88,0.88,57.5,50.0,3.934,10,14.616166751398067,13.616166751398067,3.0,2.0,-11.616166751398067,-11.616166751398067,11.802,-45.698,-0.7947478260869565,0.12394335120916,740409725290822741,45181592472,103,5000,750,2003,,Главный non-knife meme case. #909 — strongest collector seed; остальные тоже узнаваемы у pattern-рынка.
Five-SeveN | Kami,Five-SeveN | Kami (Minimal Wear),Top / meme / collector,662,0.88,0.88,171.28,148.95,3.934,10,43.53838332486019,42.53838332486019,4.5,3.5,-39.03838332486019,-39.03838332486019,17.703,-153.577,-0.8966429238673517,0.07488662004471,649222609490350155,47794815861,103,14895,2233,2003,,Главный non-knife meme case. #909 — strongest collector seed; остальные тоже узнаваемы у pattern-рынка.
Five-SeveN | Kami,StatTrak™ Five-SeveN | Kami (Factory New),Top / meme / collector,601,0.88,0.88,126.0,109.58,7.734999999999999,10,16.289592760180998,15.289592760180998,3.0,2.0,-13.289592760180998,-13.289592760180998,23.205,-102.795,-0.8158333333333334,0.04281494021416,742659622226101960,532162058,164,10958,1642,2003,,Главный non-knife meme case. #909 — strongest collector seed; остальные тоже узнаваемы у pattern-рынка.
Five-SeveN | Kami,StatTrak™ Five-SeveN | Kami (Minimal Wear),Top / meme / collector,348,0.88,0.88,35.0,30.44,4.593999999999999,10,7.6186329995646505,6.6186329995646505,3.0,2.0,-4.6186329995646505,-4.6186329995646505,13.781999999999998,-21.218000000000004,-0.6062285714285714,0.12107715755701,630083017728795726,45298673606,158,3044,456,2003,,Главный non-knife meme case. #909 — strongest collector seed; остальные тоже узнаваемы у pattern-рынка.
Five-SeveN | Kami,StatTrak™ Five-SeveN | Kami (Minimal Wear),Top / meme / collector,411,0.88,0.88,45.48,39.56,4.593999999999999,10,9.899869394862865,8.899869394862865,3.0,2.0,-6.899869394862865,-6.899869394862865,13.781999999999998,-31.698,-0.6969656992084432,0.11879550665617,624453518126646966,44132879111,158,3956,592,2003,,Главный non-knife meme case. #909 — strongest collector seed; остальные тоже узнаваемы у pattern-рынка.
Galil AR | Sandstorm,Galil AR | Sandstorm (Field-Tested),Max Purple | Max Sand,449,0.52,0.61,32.0,27.83,2.768,10,11.560693641618498,10.560693641618498,1.3,0.30000000000000004,-10.260693641618497,-10.260693641618497,3.5984,-28.401600000000002,-0.8875500000000001,0.23452192544937,720139732935276051,47562604701,150,2783,417,2003,,"Один из более известных старых rifle-pattern кейсов.; Спрос слабее purple variant, но pattern известен."
Galil AR | Sandstorm,Galil AR | Sandstorm (Field-Tested),Max Purple | Max Sand,761,0.7,0.61,47.15,41.0,2.768,10,17.033959537572255,16.033959537572255,1.7,0.7,-15.333959537572255,-15.333959537572255,4.7056,-42.4444,-0.9001993637327678,0.27496200799942,661608215080493644,45564479625,150,4100,615,2003,,"Один из более известных старых rifle-pattern кейсов.; Спрос слабее purple variant, но pattern известен."
Galil AR | Sandstorm,Galil AR | Sandstorm (Field-Tested),Max Purple | Max Sand,583,0.7,0.61,85.57,74.41,2.768,10,30.914017341040463,29.914017341040463,1.7,0.7,-29.214017341040464,-29.214017341040464,4.7056,-80.86439999999999,-0.9450087647540025,0.287398904562,641338773500822945,30726071265,150,7441,1116,2003,,"Один из более известных старых rifle-pattern кейсов.; Спрос слабее purple variant, но pattern известен."
Galil AR | Sandstorm,Galil AR | Sandstorm (Field-Tested),Max Purple | Max Sand,761,0.7,0.61,248.23,215.86,2.768,10,89.67846820809248,88.67846820809248,1.7,0.7,-87.97846820809248,-87.97846820809248,4.7056,-243.52439999999999,-0.9810433871812432,0.2623376250267,622197210756144505,48694805877,150,21586,3237,2003,,"Один из более известных старых rifle-pattern кейсов.; Спрос слабее purple variant, но pattern известен."
Galil AR | Sandstorm,Galil AR | Sandstorm (Field-Tested),Max Purple | Max Sand,761,0.7,0.61,280.41,243.84,2.768,10,101.3041907514451,100.3041907514451,1.7,0.7,-99.6041907514451,-99.6041907514451,4.7056,-275.7044,-0.9832188581006384,0.16849990189075,636836442325667169,50911344368,150,24384,3657,2003,,"Один из более известных старых rifle-pattern кейсов.; Спрос слабее purple variant, но pattern известен."
Galil AR | Sandstorm,StatTrak™ Galil AR | Sandstorm (Field-Tested),Max Purple | Max Sand,761,0.7,0.61,43.62,37.94,1.902,10,22.933753943217667,21.933753943217667,1.7,0.7,-21.233753943217668,-21.233753943217668,3.2333999999999996,-40.3866,-0.9258734525447043,0.20524603128433,628955142958349071,41483921311,226,3794,568,2003,,"Один из более известных старых rifle-pattern кейсов.; Спрос слабее purple variant, но pattern известен."
Glock-18 | Gamma Doppler,Glock-18 | Gamma Doppler (Battle-Scarred),High Tier,452,0.8,0.8,373.93,325.17,165.832,10,2.2548724009841288,1.2548724009841288,3.5,2.5,1.2451275990158712,1.2451275990158712,580.412,206.48200000000003,0.5521942609579331,0.47251218557358,756172323970953761,48168557871,10,32517,4876,2003,,"Не нож, но дорогой и вполне pattern-sensitive market. Сначала проверять High Tier и Rank I."
Glock-18 | Gamma Doppler,Glock-18 | Gamma Doppler (Factory New),High Tier,288,0.8,0.8,513.32,446.38,252.09,10,2.036256892379706,1.036256892379706,3.0,2.0,0.963743107620294,0.963743107620294,756.27,242.94999999999993,0.47329151406530023,0.06786734610796,794459337175889929,33113593024,90,44638,6694,2003,,"Не нож, но дорогой и вполне pattern-sensitive market. Сначала проверять High Tier и Rank I."
Glock-18 | Gamma Doppler,Glock-18 | Gamma Doppler (Factory New),High Tier,288,0.8,0.8,612.49,532.6,252.09,10,2.429648141536753,1.4296481415367528,3.0,2.0,0.5703518584632472,0.5703518584632472,756.27,143.77999999999997,0.2347466897418733,0.03487757965922,635708640175395559,49370005550,90,53260,7989,2003,,"Не нож, но дорогой и вполне pattern-sensitive market. Сначала проверять High Tier и Rank I."
Glock-18 | Gamma Doppler,Glock-18 | Gamma Doppler (Field-Tested),High Tier,362,0.8,0.8,117.03,101.78,106.803,10,1.0957557371983933,0.09575573719839325,3.0,2.0,1.9042442628016067,1.9042442628016067,320.409,203.379,1.737836452191746,0.31024914979935,545639912146526138,50274613639,77,10178,1525,2003,,"Не нож, но дорогой и вполне pattern-sensitive market. Сначала проверять High Tier и Rank I."
Glock-18 | Gamma Doppler,Glock-18 | Gamma Doppler (Field-Tested),High Tier,408,0.8,0.8,172.5,150.0,106.803,10,1.6151231706974523,0.6151231706974523,3.0,2.0,1.3848768293025477,1.3848768293025477,320.409,147.909,0.8574434782608695,0.19993169605732,652598587799781408,43254280329,77,15000,2250,2003,,"Не нож, но дорогой и вполне pattern-sensitive market. Сначала проверять High Tier и Rank I."
Glock-18 | Gamma Doppler,Glock-18 | Gamma Doppler (Minimal Wear),High Tier,534,0.8,0.8,243.69,211.91,154.4,10,1.5783031088082902,0.5783031088082902,3.5,2.5,1.9216968911917098,1.9216968911917098,540.4,296.71,1.217571504780664,0.14665785431862,630079774426595649,48344658108,91,21191,3178,2003,,"Не нож, но дорогой и вполне pattern-sensitive market. Сначала проверять High Tier и Rank I."
Glock-18 | Grinder,Glock-18 | Grinder (Factory New),Full Black,811,0.7,0.7,62.8,54.61,18.219,10,3.4469509852351936,2.4469509852351936,1.5,0.5,-1.9469509852351936,-1.9469509852351936,27.328500000000002,-35.47149999999999,-0.5648328025477707,0.06682871282101,660482407748649262,19726202916,227,5461,819,2003,,Black pattern — старый и узнаваемый collector niche.
Glock-18 | Grinder,Glock-18 | Grinder (Field-Tested),Full Black,916,0.7,0.7,96.89,84.26,4.1659999999999995,10,23.257321171387424,22.257321171387424,1.5,0.5,-21.757321171387424,-21.757321171387424,6.248999999999999,-90.641,-0.9355041799979358,0.22148802876472,642464039603724621,50128642781,79,8426,1263,2003,,Black pattern — старый и узнаваемый collector niche.
Glock-18 | Grinder,StatTrak™ Glock-18 | Grinder (Factory New),Full Black,916,0.7,0.7,916.0,796.53,12.144,10,75.42819499341239,74.42819499341239,1.5,0.5,-73.92819499341239,-73.92819499341239,18.216,-897.784,-0.9801135371179039,0.03609972447157,658226638295577157,17109429747,49,79653,11947,2003,,Black pattern — старый и узнаваемый collector niche.
Glock-18 | Grinder,StatTrak™ Glock-18 | Grinder (Field-Tested),Full Black,384,0.7,0.7,94.12,81.85,9.998000000000001,10,9.41388277655531,8.41388277655531,1.5,0.5,-7.91388277655531,-7.91388277655531,14.997000000000002,-79.123,-0.840660858478538,0.16869506239891,639086339867509413,47721277268,23,8185,1227,2003,,Black pattern — старый и узнаваемый collector niche.
Glock-18 | High Beam,Souvenir Glock-18 | High Beam (Minimal Wear),Full Beam,897,0.52,0.52,156.95,136.49,5.759,10,27.252995311686053,26.252995311686053,1.25,0.25,-26.002995311686053,-26.002995311686053,7.19875,-149.75125,-0.9541334820006372,0.07003928720951,804592436301355769,50012069639,27,13649,2046,2003,,"Слабее, чем Grinder/Moonrise, но pattern guide существует."
Glock-18 | Moonrise,Glock-18 | Moonrise (Battle-Scarred),Centered Star,958,0.72,0.72,1.72,1.5,0.986,10,1.7444219066937119,0.7444219066937119,1.6,0.6000000000000001,-0.1444219066937118,-0.1444219066937118,1.5776000000000001,-0.14239999999999986,-0.08279069767441849,0.45277914404869,639090217026152565,25667661105,211,150,22,2003,,"Не самый большой premium, но сиды известны и underpricing бывает."
Glock-18 | Moonrise,Glock-18 | Moonrise (Battle-Scarred),Centered Star,302,0.72,0.72,2.1,1.83,0.986,10,2.129817444219067,1.129817444219067,1.6,0.6000000000000001,-0.5298174442190668,-0.5298174442190668,1.5776000000000001,-0.5224,-0.24876190476190474,0.45414704084396,630082311084615805,50729479075,211,183,27,2003,,"Не самый большой premium, но сиды известны и underpricing бывает."
Glock-18 | Moonrise,Glock-18 | Moonrise (Battle-Scarred),Centered Star,237,0.72,0.72,3.39,2.96,0.986,10,3.4381338742393512,2.4381338742393512,1.6,0.6000000000000001,-1.8381338742393512,-1.8381338742393512,1.5776000000000001,-1.8124,-0.5346312684365782,0.6039177775383,732526071248467925,47808959038,211,296,43,2003,,"Не самый большой premium, но сиды известны и underpricing бывает."
Glock-18 | Moonrise,Glock-18 | Moonrise (Factory New),Centered Star,509,0.72,0.72,13.0,11.31,4.804,10,2.7060782681099083,1.7060782681099083,1.6,0.6000000000000001,-1.1060782681099082,-1.1060782681099082,7.686400000000001,-5.313599999999999,-0.4087384615384615,0.06820395588875,640216116811954151,51026521625,359,1131,169,2003,,"Не самый большой premium, но сиды известны и underpricing бывает."
Glock-18 | Moonrise,Glock-18 | Moonrise (Well-Worn),Centered Star,800,0.72,0.72,2.49,2.18,1.344,10,1.8526785714285714,0.8526785714285714,1.6,0.6000000000000001,-0.2526785714285713,-0.2526785714285713,2.1504000000000003,-0.3395999999999999,-0.1363855421686746,0.42953670024872,634584189281208921,48911492758,228,218,31,2003,,"Не самый большой premium, но сиды известны и underpricing бывает."
Glock-18 | Moonrise,Glock-18 | Moonrise (Well-Worn),Centered Star,19,0.72,0.72,3.93,3.42,1.344,10,2.924107142857143,1.9241071428571428,1.6,0.6000000000000001,-1.3241071428571427,-1.3241071428571427,2.1504000000000003,-1.7795999999999998,-0.452824427480916,0.39335188269615,706628284652469601,47437355398,228,342,51,2003,,"Не самый большой premium, но сиды известны и underpricing бывает."
Glock-18 | Moonrise,StatTrak™ Glock-18 | Moonrise (Battle-Scarred),Centered Star,165,0.72,0.72,11.38,9.9,2.1510000000000002,10,5.290562529056253,4.290562529056253,1.6,0.6000000000000001,-3.6905625290562525,-3.6905625290562525,3.4416000000000007,-7.9384,-0.6975746924428823,0.55027163028717,751670626609138315,40085076041,64,990,148,2003,,"Не самый большой premium, но сиды известны и underpricing бывает."
Glock-18 | Moonrise,StatTrak™ Glock-18 | Moonrise (Factory New),Centered Star,194,0.72,0.72,31.0,26.97,9.714,10,3.1912703314803377,2.1912703314803377,1.6,0.6000000000000001,-1.5912703314803376,-1.5912703314803376,15.5424,-15.4576,-0.49863225806451605,0.06421633809805,640216116834368759,51195587760,157,2697,403,2003,,"Не самый большой premium, но сиды известны и underpricing бывает."
Glock-18 | Moonrise,StatTrak™ Glock-18 | Moonrise (Factory New),Centered Star,237,0.72,0.72,34.61,30.1,9.714,10,3.5628989087914347,2.5628989087914347,1.6,0.6000000000000001,-1.9628989087914346,-1.9628989087914346,15.5424,-19.0676,-0.5509274776076278,0.0645841807127,623325190239863311,39870286075,157,3010,451,2003,,"Не самый большой premium, но сиды известны и underpricing бывает."
Glock-18 | Moonrise,StatTrak™ Glock-18 | Moonrise (Factory New),Centered Star,142,0.72,0.72,50.0,43.49,9.714,10,5.147210212065061,4.147210212065061,1.6,0.6000000000000001,-3.547210212065061,-3.547210212065061,15.5424,-34.4576,-0.689152,0.04890737310052,650347241176111738,50396654797,157,4349,651,2003,,"Не самый большой premium, но сиды известны и underpricing бывает."
Glock-18 | Moonrise,StatTrak™ Glock-18 | Moonrise (Factory New),Centered Star,509,0.72,0.72,460.0,400.0,9.714,10,47.35433395099856,46.35433395099856,1.6,0.6000000000000001,-45.75433395099856,-45.75433395099856,15.5424,-444.4576,-0.9662121739130435,0.06156006082892,785449803341980069,49437225885,157,40000,6000,2003,,"Не самый большой premium, но сиды известны и underpricing бывает."
Glock-18 | Moonrise,StatTrak™ Glock-18 | Moonrise (Minimal Wear),Centered Star,487,0.72,0.72,20.02,17.41,4.397,10,4.553104389356379,3.5531043893563794,1.6,0.6000000000000001,-2.9531043893563793,-2.9531043893563793,7.035200000000001,-12.9848,-0.6485914085914086,0.08460131287575,653725574920343932,42371752369,199,1741,261,2003,,"Не самый большой premium, но сиды известны и underpricing бывает."
Glock-18 | Moonrise,StatTrak™ Glock-18 | Moonrise (Minimal Wear),Centered Star,475,0.72,0.72,23.3,20.27,4.397,10,5.299067546054128,4.299067546054128,1.6,0.6000000000000001,-3.699067546054128,-3.699067546054128,7.035200000000001,-16.2648,-0.6980600858369099,0.09053131937981,833864675693239798,49292538547,199,2027,303,2003,,"Не самый большой premium, но сиды известны и underpricing бывает."
Glock-18 | Moonrise,StatTrak™ Glock-18 | Moonrise (Well-Worn),Centered Star,109,0.72,0.72,28.78,25.03,3.5119999999999996,10,8.194760820045559,7.194760820045559,1.6,0.6000000000000001,-6.594760820045559,-6.594760820045559,5.619199999999999,-23.160800000000002,-0.8047533009034051,0.43466973304749,644719644595505619,49570347458,51,2503,375,2003,,"Не самый большой premium, но сиды известны и underpricing бывает."
Glock-18 | Moonrise,StatTrak™ Glock-18 | Moonrise (Well-Worn),Centered Star,237,0.72,0.72,57.5,50.0,3.5119999999999996,10,16.372437357630982,15.372437357630982,1.6,0.6000000000000001,-14.772437357630983,-14.772437357630983,5.619199999999999,-51.8808,-0.9022747826086956,0.41881811618805,739283825408742399,48535097075,51,5000,750,2003,,"Не самый большой premium, но сиды известны и underpricing бывает."
MAC-10 | Case Hardened,MAC-10 | Case Hardened (Battle-Scarred),Blue Gem Top,239,0.92,0.92,287.5,250.0,168.105,6,1.7102406234198866,0.7102406234198866,3.5,2.5,1.7897593765801134,1.7897593765801134,588.3675,300.86749999999995,1.0464956521739128,0.57649326324463,507359315990741839,50721740187,6,25000,3750,2003,,"Из дешёвых CH-носителей один из лучших кандидатов на Steam-поиск, потому что база ниже, а редкие seeds ценятся сильно выше."
MAC-10 | Case Hardened,MAC-10 | Case Hardened (Field-Tested),Blue Gem Top,199,0.92,0.92,150.55,130.92,121.095,10,1.2432387794706636,0.24323877947066364,3.0,2.0,1.7567612205293364,1.7567612205293364,363.28499999999997,212.73499999999996,1.4130521421454665,0.33844274282455,639089510337060006,47514538920,20,13092,1963,2003,,"Из дешёвых CH-носителей один из лучших кандидатов на Steam-поиск, потому что база ниже, а редкие seeds ценятся сильно выше."
MAC-10 | Case Hardened,MAC-10 | Case Hardened (Field-Tested),Blue Gem Top,199,0.92,0.92,162.52,141.33,121.095,10,1.3420867913621537,0.3420867913621537,3.0,2.0,1.6579132086378463,1.6579132086378463,363.28499999999997,200.76499999999996,1.235324883091312,0.15441538393497,626701440920785116,41082472862,20,14133,2119,2003,,"Из дешёвых CH-носителей один из лучших кандидатов на Steam-поиск, потому что база ниже, а редкие seeds ценятся сильно выше."
MAC-10 | Case Hardened,MAC-10 | Case Hardened (Field-Tested),Blue Gem Top,807,0.92,0.92,215.01,186.98,121.095,10,1.7755481233742103,0.7755481233742103,3.0,2.0,1.2244518766257897,1.2244518766257897,363.28499999999997,148.27499999999998,0.6896190874843031,0.25933834910393,503981618206810365,47069984192,20,18698,2803,2003,,"Из дешёвых CH-носителей один из лучших кандидатов на Steam-поиск, потому что база ниже, а редкие seeds ценятся сильно выше."
MAC-10 | Case Hardened,MAC-10 | Case Hardened (Field-Tested),Blue Gem Top,251,0.92,0.92,286.69,249.3,121.095,10,2.367480077625005,1.3674800776250051,4.0,3.0,1.6325199223749949,1.6325199223749949,484.38,197.69,0.6895601520806447,0.29440999031067,635709273938848447,48300625808,20,24930,3739,2003,,"Из дешёвых CH-носителей один из лучших кандидатов на Steam-поиск, потому что база ниже, а редкие seeds ценятся сильно выше."
MAC-10 | Case Hardened,MAC-10 | Case Hardened (Field-Tested),Blue Gem Top,890,0.92,0.92,341.2,296.7,121.095,10,2.817622527767455,1.8176225277674551,3.5,2.5,0.6823774722325449,0.6823774722325449,423.8325,82.6325,0.24218200468933193,0.20600636303425,792206828257818469,49845209685,20,29670,4450,2003,,"Из дешёвых CH-носителей один из лучших кандидатов на Steam-поиск, потому что база ниже, а редкие seeds ценятся сильно выше."
MAC-10 | Case Hardened,MAC-10 | Case Hardened (Field-Tested),Blue Gem Top,406,0.92,0.92,353.14,307.09,121.095,10,2.9162228002807713,1.9162228002807713,3.0,2.0,0.0837771997192287,0.0837771997192287,363.28499999999997,10.144999999999982,0.028727983236110255,0.20988580584526,625579418047826158,51111412446,20,30709,4605,2003,,"Из дешёвых CH-носителей один из лучших кандидатов на Steam-поиск, потому что база ниже, а редкие seeds ценятся сильно выше."
MAC-10 | Case Hardened,MAC-10 | Case Hardened (Field-Tested),Blue Gem Top,295,0.92,0.92,402.5,350.0,121.095,10,3.3238366571699904,2.3238366571699904,3.5,2.5,0.17616334283000956,0.17616334283000956,423.8325,21.332499999999982,0.052999999999999936,0.20302398502827,724643332698378496,39049615605,20,35000,5250,2003,,"Из дешёвых CH-носителей один из лучших кандидатов на Steam-поиск, потому что база ниже, а редкие seeds ценятся сильно выше."
MAC-10 | Case Hardened,MAC-10 | Case Hardened (Minimal Wear),Blue Gem Top,95,0.92,0.92,423.78,368.51,224.24499999999998,10,1.8898080224754177,0.8898080224754177,4.0,3.0,2.1101919775245825,2.1101919775245825,896.9799999999999,473.19999999999993,1.1166171126527913,0.14093893766403,657102640620647770,48985966416,10,36851,5527,2003,,"Из дешёвых CH-носителей один из лучших кандидатов на Steam-поиск, потому что база ниже, а редкие seeds ценятся сильно выше."
MAC-10 | Case Hardened,MAC-10 | Case Hardened (Well-Worn),Blue Gem Top,890,0.92,0.92,348.04,302.65,281.133,10,1.2379905596283611,0.23799055962836113,3.5,2.5,2.2620094403716386,2.2620094403716386,983.9654999999999,635.9254999999998,1.8271621078037001,0.44441795349121,806844236162352093,49730926511,10,30265,4539,2003,,"Из дешёвых CH-носителей один из лучших кандидатов на Steam-поиск, потому что база ниже, а редкие seeds ценятся сильно выше."
MAC-10 | Case Hardened,Souvenir MAC-10 | Case Hardened (Field-Tested),Blue Gem Top,251,0.92,0.92,136.97,119.11,10.109,10,13.549312493817391,12.549312493817391,4.0,3.0,-9.549312493817391,-9.549312493817391,40.436,-96.53399999999999,-0.7047820690662189,0.26767697930336,628952610188296690,50098569685,76,11911,1786,2003,,"Из дешёвых CH-носителей один из лучших кандидатов на Steam-поиск, потому что база ниже, а редкие seeds ценятся сильно выше."
MAC-10 | Case Hardened,Souvenir MAC-10 | Case Hardened (Field-Tested),Blue Gem Top,199,0.92,0.92,160.55,139.61,10.109,10,15.881887427045209,14.881887427045209,3.0,2.0,-12.881887427045209,-12.881887427045209,30.326999999999998,-130.223,-0.811105574587356,0.23548114299774,654848308048617321,45977288933,76,13961,2094,2003,,"Из дешёвых CH-носителей один из лучших кандидатов на Steam-поиск, потому что база ниже, а редкие seeds ценятся сильно выше."
MAC-10 | Case Hardened,Souvenir MAC-10 | Case Hardened (Field-Tested),Blue Gem Top,199,0.92,0.92,172.0,149.58,10.109,10,17.01454149767534,16.01454149767534,3.0,2.0,-14.014541497675339,-14.014541497675339,30.326999999999998,-141.673,-0.8236802325581396,0.3145911693573,766308593514601131,23840600147,76,14958,2242,2003,,"Из дешёвых CH-носителей один из лучших кандидатов на Steam-поиск, потому что база ниже, а редкие seeds ценятся сильно выше."
MAC-10 | Case Hardened,Souvenir MAC-10 | Case Hardened (Well-Worn),Blue Gem Top,251,0.92,0.92,249.28,216.78,10.764,10,23.15867707172055,22.15867707172055,4.0,3.0,-19.15867707172055,-19.15867707172055,43.056,-206.224,-0.8272785622593068,0.39682137966156,740412895680385109,39927372884,28,21678,3250,2003,,"Из дешёвых CH-носителей один из лучших кандидатов на Steam-поиск, потому что база ниже, а редкие seeds ценятся сильно выше."
MAC-10 | Last Dive,MAC-10 | Last Dive (Factory New),Centered Skull | Skull and Diver | Skull Diver and Shell | Centered Tree,748,0.52,0.66,34.5,30.0,10.853,10,3.178844559108081,2.178844559108081,1.5,0.5,-1.678844559108081,-1.678844559108081,16.2795,-18.2205,-0.5281304347826088,0.04557400941849,626702074696334400,43635624206,89,3000,450,2003,,"У Last Dive несколько collector layouts; centered skull — один из лучших.; Pattern заметный, но ликвидность ниже, чем у centered skull.; Топовая сложная композиция у Last Dive.; Менее mainstream sub-pattern."
MAC-10 | Last Dive,MAC-10 | Last Dive (Factory New),Centered Skull | Skull and Diver | Skull Diver and Shell | Centered Tree,509,0.7,0.66,40.25,35.0,10.853,10,3.708651985626094,2.708651985626094,1.7,0.7,-2.008651985626094,-2.008651985626094,18.4501,-21.7999,-0.5416124223602485,0.06198513135314,660478438126817675,35692473573,89,3500,525,2003,,"У Last Dive несколько collector layouts; centered skull — один из лучших.; Pattern заметный, но ликвидность ниже, чем у centered skull.; Топовая сложная композиция у Last Dive.; Менее mainstream sub-pattern."
MAC-10 | Last Dive,MAC-10 | Last Dive (Field-Tested),Centered Skull | Skull and Diver | Skull Diver and Shell | Centered Tree,509,0.7,0.66,10.99,9.57,1.953,10,5.627240143369176,4.627240143369176,1.7,0.7,-3.9272401433691755,-3.9272401433691755,3.3201,-7.6699,-0.6978980891719746,0.20417475700378,650349216060430113,50523870356,100,957,142,2003,,"У Last Dive несколько collector layouts; centered skull — один из лучших.; Pattern заметный, но ликвидность ниже, чем у centered skull.; Топовая сложная композиция у Last Dive.; Менее mainstream sub-pattern."
MAC-10 | Last Dive,MAC-10 | Last Dive (Minimal Wear),Centered Skull | Skull and Diver | Skull Diver and Shell | Centered Tree,509,0.7,0.66,13.49,11.74,2.2,10,6.131818181818182,5.131818181818182,1.7,0.7,-4.431818181818182,-4.431818181818182,3.74,-9.75,-0.7227575982209045,0.14281933009624,639088876134451532,51038431102,79,1174,175,2003,,"У Last Dive несколько collector layouts; centered skull — один из лучших.; Pattern заметный, но ликвидность ниже, чем у centered skull.; Топовая сложная композиция у Last Dive.; Менее mainstream sub-pattern."
MAC-10 | Last Dive,StatTrak™ MAC-10 | Last Dive (Factory New),Centered Skull | Skull and Diver | Skull Diver and Shell | Centered Tree,748,0.52,0.66,26.07,22.68,6.876,10,3.7914485165794063,2.7914485165794063,1.5,0.5,-2.2914485165794063,-2.2914485165794063,10.314,-15.756,-0.6043728423475259,0.0420808121562,627831217898295596,49600984660,29,2268,339,2003,,"У Last Dive несколько collector layouts; centered skull — один из лучших.; Pattern заметный, но ликвидность ниже, чем у centered skull.; Топовая сложная композиция у Last Dive.; Менее mainstream sub-pattern."
MAC-10 | Last Dive,StatTrak™ MAC-10 | Last Dive (Factory New),Centered Skull | Skull and Diver | Skull Diver and Shell | Centered Tree,407,0.7,0.66,48.42,42.11,6.876,10,7.041884816753926,6.041884816753926,1.8,0.8,-5.2418848167539265,-5.2418848167539265,12.376800000000001,-36.0432,-0.7443866171003717,0.0453168451786,788834295059445584,49936890656,29,4211,631,2003,,"У Last Dive несколько collector layouts; centered skull — один из лучших.; Pattern заметный, но ликвидность ниже, чем у centered skull.; Топовая сложная композиция у Last Dive.; Менее mainstream sub-pattern."
MAC-10 | Last Dive,StatTrak™ MAC-10 | Last Dive (Minimal Wear),Centered Skull | Skull and Diver | Skull Diver and Shell | Centered Tree,386,0.7,0.66,24.99,21.74,4.7170000000000005,10,5.297858808564765,4.297858808564765,2.0,1.0,-3.297858808564765,-3.297858808564765,9.434000000000001,-15.555999999999997,-0.6224889955982392,0.13212752342224,650349216060470649,50701480483,19,2174,325,2003,,"У Last Dive несколько collector layouts; centered skull — один из лучших.; Pattern заметный, но ликвидность ниже, чем у centered skull.; Топовая сложная композиция у Last Dive.; Менее mainstream sub-pattern."
MAG-7 | Sonar,MAG-7 | Sonar (Factory New),Max Cyan,412,0.52,0.52,15.52,13.5,10.138,10,1.5308739396330637,0.5308739396330637,1.25,0.25,-0.28087393963306373,-0.28087393963306373,12.6725,-2.8475,-0.18347293814432986,0.05604157596827,559150711004270352,32768421257,53,1350,202,2003,,"Редкий, но узкий collector case."
MAG-7 | Sonar,StatTrak™ MAG-7 | Sonar (Factory New),Max Cyan,412,0.52,0.52,28.75,25.0,1.599,10,17.979987492182616,16.979987492182616,1.25,0.25,-16.729987492182616,-16.729987492182616,1.99875,-26.75125,-0.9304782608695652,0.05177936702967,760673400507187032,47915323720,46,2500,375,2003,,"Редкий, но узкий collector case."
Nova | Windblown,StatTrak™ Nova | Windblown (Minimal Wear),Bird on Barrel,126,0.52,0.52,0.88,0.78,0.796,10,1.1055276381909547,0.10552763819095468,1.25,0.25,0.14447236180904532,0.14447236180904532,0.9950000000000001,0.1150000000000001,0.13068181818181834,0.13699671626091,636838417163694172,50773134390,127,78,10,2003,,Скорее мемный than liquid case.
Nova | Windblown,StatTrak™ Nova | Windblown (Minimal Wear),Bird on Barrel,887,0.52,0.52,1.72,1.5,0.796,10,2.1608040201005023,1.1608040201005023,1.25,0.25,-0.9108040201005023,-0.9108040201005023,0.9950000000000001,-0.7249999999999999,-0.4215116279069767,0.13106596469879,626705318032139759,49029573267,127,150,22,2003,,Скорее мемный than liquid case.
P250 | Bengal Tiger,P250 | Bengal Tiger (Field-Tested),Max Orange | Max White,714,0.7,0.7,39.99,34.79,27.963,10,1.4301040660873297,0.43010406608732965,1.6,0.6000000000000001,0.16989593391267044,0.16989593391267044,44.74080000000001,4.750800000000005,0.1187996999249814,0.21919752657413,642452080121479858,20070055497,26,3479,520,2003,,"Не mainstream, но визуально понятный premium case.; Вторая ценимая вариация Bengal Tiger."
P250 | Bengal Tiger,P250 | Bengal Tiger (Well-Worn),Max Orange | Max White,623,0.7,0.7,80.5,70.0,44.471428571428575,7,1.810150979762287,0.810150979762287,1.6,0.6000000000000001,-0.21015097976228692,-0.21015097976228692,71.15428571428572,-9.34571428571428,-0.11609582963620213,0.38909685611725,735902331712234458,20601974050,7,7000,1050,2003,,"Не mainstream, но визуально понятный premium case.; Вторая ценимая вариация Bengal Tiger."
P250 | Mint Kimono,P250 | Mint Kimono (Factory New),Max Green Handle | Green Tip | Max Black and White,83,0.7,0.7,33.87,29.46,32.298,10,1.048671744380457,0.04867174438045696,1.6,0.6000000000000001,0.5513282556195431,0.5513282556195431,51.67680000000001,17.80680000000001,0.5257395925597876,0.05285625532269,650347875190563074,9234939603,50,2946,441,2003,,"Есть несколько recognisable sub-variants, все collector/niche.; Ниша, но паттерны формализованы в гайде.; Ещё один niche sub-pattern на Mint Kimono."
P250 | Mint Kimono,P250 | Mint Kimono (Factory New),Max Green Handle | Green Tip | Max Black and White,54,0.7,0.7,34.09,29.65,32.298,10,1.0554833116601647,0.055483311660164736,1.6,0.6000000000000001,0.5445166883398354,0.5445166883398354,51.67680000000001,17.586800000000004,0.5158932238193019,0.05080477520823,626705318029730423,6231212928,50,2965,444,2003,,"Есть несколько recognisable sub-variants, все collector/niche.; Ниша, но паттерны формализованы в гайде.; Ещё один niche sub-pattern на Mint Kimono."
P250 | Mint Kimono,P250 | Mint Kimono (Factory New),Max Green Handle | Green Tip | Max Black and White,43,0.7,0.7,39.19,34.09,32.298,10,1.213387825871571,0.2133878258715709,1.6,0.6000000000000001,0.3866121741284292,0.3866121741284292,51.67680000000001,12.48680000000001,0.3186220974738456,0.06795649975538,644718375646587095,30200343794,50,3409,510,2003,,"Есть несколько recognisable sub-variants, все collector/niche.; Ниша, но паттерны формализованы в гайде.; Ещё один niche sub-pattern на Mint Kimono."
P250 | Mint Kimono,P250 | Mint Kimono (Factory New),Max Green Handle | Green Tip | Max Black and White,12,0.7,0.7,41.02,35.68,32.298,10,1.270047680970958,0.270047680970958,1.6,0.6000000000000001,0.3299523190290421,0.3299523190290421,51.67680000000001,10.656800000000004,0.2597952218430035,0.06814530491829,628955776976448104,50897646779,50,3568,534,2003,,"Есть несколько recognisable sub-variants, все collector/niche.; Ниша, но паттерны формализованы в гайде.; Ещё один niche sub-pattern на Mint Kimono."
P250 | Mint Kimono,P250 | Mint Kimono (Factory New),Max Green Handle | Green Tip | Max Black and White,60,0.7,0.7,42.17,36.68,32.298,10,1.3056536008421573,0.3056536008421573,1.6,0.6000000000000001,0.2943463991578428,0.2943463991578428,51.67680000000001,9.506800000000005,0.225439886175006,0.06688642501831,622201718398403580,51151528969,50,3668,549,2003,,"Есть несколько recognisable sub-variants, все collector/niche.; Ниша, но паттерны формализованы в гайде.; Ещё один niche sub-pattern на Mint Kimono."
P250 | Mint Kimono,P250 | Mint Kimono (Field-Tested),Max Green Handle | Green Tip | Max Black and White,37,0.7,0.7,12.59,10.96,12.214,10,1.030784345832651,0.030784345832651105,1.6,0.6000000000000001,0.569215654167349,0.569215654167349,19.5424,6.952400000000001,0.5522160444797459,0.26416632533073,650348605672194094,5776706447,65,1096,163,2003,,"Есть несколько recognisable sub-variants, все collector/niche.; Ниша, но паттерны формализованы в гайде.; Ещё один niche sub-pattern на Mint Kimono."
P250 | Nevermore,P250 | Nevermore (Field-Tested),Centered Raven,923,0.82,0.82,115.0,100.0,1.482,10,77.59784075573549,76.59784075573549,1.8,0.8,-75.79784075573549,-75.79784075573549,2.6676,-112.3324,-0.9768034782608696,0.18858335912228,650346788000901190,45395263362,172,10000,1500,2003,,Хороший pattern-case с понятным Tier 1 и collector спросом.
P250 | Nevermore,P250 | Nevermore (Well-Worn),Centered Raven,708,0.82,0.82,3.87,3.38,1.8829999999999998,10,2.0552310143388213,1.0552310143388213,1.8,0.8,-0.2552310143388212,-0.2552310143388212,3.3893999999999997,-0.48060000000000036,-0.12418604651162801,0.39107441902161,654851474839533754,47286139155,48,338,49,2003,,Хороший pattern-case с понятным Tier 1 и collector спросом.
P250 | Nevermore,StatTrak™ P250 | Nevermore (Factory New),Centered Raven,127,0.82,0.82,20.49,17.82,6.179,10,3.316070561579543,2.316070561579543,2.0,1.0,-1.3160705615795432,-1.3160705615795432,12.358,-8.131999999999998,-0.3968765251342117,0.05634707212448,636837710520068676,49387231232,94,1782,267,2003,,Хороший pattern-case с понятным Tier 1 и collector спросом.
P250 | Nevermore,StatTrak™ P250 | Nevermore (Factory New),Centered Raven,73,0.82,0.82,147.84,128.57,6.179,10,23.92620165075255,22.92620165075255,2.0,1.0,-21.92620165075255,-21.92620165075255,12.358,-135.482,-0.916409632034632,0.00908180978149,573772186070930082,29641843306,94,12857,1927,2003,,Хороший pattern-case с понятным Tier 1 и collector спросом.
P250 | Nevermore,StatTrak™ P250 | Nevermore (Minimal Wear),Centered Raven,73,0.82,0.82,483.0,420.0,3.525,10,137.0212765957447,136.0212765957447,2.0,1.0,-135.0212765957447,-135.0212765957447,7.05,-475.95,-0.9854037267080745,0.10798018425703,766308593491501731,21361232697,83,42000,6300,2003,,Хороший pattern-case с понятным Tier 1 и collector спросом.
Tec-9 | Cracked Opal,StatTrak™ Tec-9 | Cracked Opal (Battle-Scarred),Manual visual candidate,583,0.3,0.3,0.27,0.24,0.277,10,0.9747292418772563,-0.02527075812274371,1.2,0.19999999999999996,0.22527075812274366,0.22527075812274366,0.33240000000000003,0.06240000000000001,0.23111111111111104,0.7258392572403,658230515424420386,51029489867,96,24,3,2003,,"Low-confidence row: pattern.wiki позволяет проверить seed визуально, но сильного source-backed market consensus я не нашёл. Добавлено как ручной candidate из niche community chatter."
Tec-9 | Ice Cap,StatTrak™ Tec-9 | Ice Cap (Battle-Scarred),Max Blue,760,0.72,0.72,2.26,1.98,1.175,10,1.9234042553191486,0.9234042553191486,1.6,0.6000000000000001,-0.3234042553191485,-0.3234042553191485,1.8800000000000001,-0.37999999999999967,-0.1681415929203538,0.49253100156784,658229174538510837,47450957293,48,198,28,2003,,Очень практичный дешёвый scan-case.
Tec-9 | Ice Cap,StatTrak™ Tec-9 | Ice Cap (Battle-Scarred),Max Blue,916,0.72,0.72,4.54,3.96,1.175,10,3.8638297872340424,2.8638297872340424,1.6,0.6000000000000001,-2.2638297872340423,-2.2638297872340423,1.8800000000000001,-2.66,-0.5859030837004404,0.45262798666954,654850387609988045,9643635935,48,396,58,2003,,Очень практичный дешёвый scan-case.
Tec-9 | Ice Cap,StatTrak™ Tec-9 | Ice Cap (Minimal Wear),Max Blue,261,0.72,0.72,44.56,38.76,2.0149999999999997,10,22.114143920595538,21.114143920595538,1.6,0.6000000000000001,-20.514143920595536,-20.514143920595536,3.2239999999999998,-41.336000000000006,-0.9276481149012568,0.07158689945936,802340636619244306,44775573289,58,3876,580,2003,,Очень практичный дешёвый scan-case.
Tec-9 | Ice Cap,Tec-9 | Ice Cap (Field-Tested),Max Blue,261,0.72,0.72,0.5,0.44,0.472,10,1.0593220338983051,0.05932203389830515,1.6,0.6000000000000001,0.5406779661016949,0.5406779661016949,0.7552,0.2552,0.5104,0.20708656311035,628957117756224685,51035814002,386,44,6,2003,,Очень практичный дешёвый scan-case.
Tec-9 | Ice Cap,Tec-9 | Ice Cap (Field-Tested),Max Blue,760,0.72,0.72,0.5,0.44,0.472,10,1.0593220338983051,0.05932203389830515,1.6,0.6000000000000001,0.5406779661016949,0.5406779661016949,0.7552,0.2552,0.5104,0.21725296974182,641342016870691747,51155635805,386,44,6,2003,,Очень практичный дешёвый scan-case.
Tec-9 | Ice Cap,Tec-9 | Ice Cap (Well-Worn),Max Blue,910,0.72,0.72,12.44,10.82,0.628,10,19.808917197452228,18.808917197452228,1.6,0.6000000000000001,-18.208917197452227,-18.208917197452227,1.0048000000000001,-11.4352,-0.9192282958199357,0.38142231106758,627829243049661791,50417860610,32,1082,162,2003,,Очень практичный дешёвый scan-case.
Tec-9 | Sandstorm,StatTrak™ Tec-9 | Sandstorm (Well-Worn),Max Purple,858,0.72,0.72,5.13,4.47,2.3489999999999998,10,2.1839080459770117,1.1839080459770117,1.8,0.8,-0.38390804597701167,-0.38390804597701167,4.228199999999999,-0.9018000000000006,-0.1757894736842106,0.40005803108215,738154131439486621,13978708678,17,447,66,2003,,Старый and still useful pattern-market. Хороший cheap-scan candidate.
Tec-9 | Sandstorm,Tec-9 | Sandstorm (Field-Tested),Max Purple,328,0.72,0.72,15.0,13.05,0.837,10,17.921146953405017,16.921146953405017,1.8,0.8,-16.121146953405017,-16.121146953405017,1.5066,-13.4934,-0.89956,0.17579114437103,634586617415732343,46386502868,198,1305,195,2003,,Старый and still useful pattern-market. Хороший cheap-scan candidate.
Tec-9 | Sandstorm,Tec-9 | Sandstorm (Field-Tested),Max Purple,552,0.72,0.72,16.48,14.34,0.837,10,19.68936678614098,18.68936678614098,1.8,0.8,-17.88936678614098,-17.88936678614098,1.5066,-14.9734,-0.9085800970873786,0.22278675436974,757301394268354361,49232740324,198,1434,214,2003,,Старый and still useful pattern-market. Хороший cheap-scan candidate.
Tec-9 | Sandstorm,Tec-9 | Sandstorm (Minimal Wear),Max Purple,858,0.72,0.72,19.98,17.39,9.322999999999999,10,2.143086989166578,1.1430869891665778,1.8,0.8,-0.34308698916657776,-0.34308698916657776,16.781399999999998,-3.1986000000000026,-0.16009009009009023,0.14962765574455,650347241192755942,50067132737,70,1739,259,2003,,Старый and still useful pattern-market. Хороший cheap-scan candidate.
Tec-9 | Sandstorm,Tec-9 | Sandstorm (Well-Worn),Max Purple,70,0.72,0.72,8.56,7.45,0.807,10,10.60718711276332,9.60718711276332,1.8,0.8,-8.80718711276332,-8.80718711276332,1.4526000000000001,-7.1074,-0.830303738317757,0.3815960586071,623325643434055039,50666145872,43,745,111,2003,,Старый and still useful pattern-market. Хороший cheap-scan candidate.
XM1014 | Seasons,StatTrak™ XM1014 | Seasons (Field-Tested),Spectrum Fade / Blue Leaf,182,0.8,0.8,16.26,14.15,3.3600000000000003,10,4.839285714285714,3.8392857142857144,3.0,2.0,-1.8392857142857144,-1.8392857142857144,10.080000000000002,-6.18,-0.38007380073800745,0.19617062807083,649222707051606364,51005598381,52,1415,211,2003,,Один из лучших ordinary-skin pattern cases для поиска mispricing.
XM1014 | Seasons,StatTrak™ XM1014 | Seasons (Field-Tested),Spectrum Fade / Blue Leaf,598,0.8,0.8,17.04,14.82,3.3600000000000003,10,5.07142857142857,4.07142857142857,2.5,1.5,-2.5714285714285703,-2.5714285714285703,8.4,-8.639999999999999,-0.5070422535211266,0.20093508064747,794463791548577555,47685287163,52,1482,222,2003,,Один из лучших ordinary-skin pattern cases для поиска mispricing.
XM1014 | Seasons,StatTrak™ XM1014 | Seasons (Field-Tested),Spectrum Fade / Blue Leaf,286,0.8,0.8,17.06,14.84,3.3600000000000003,10,5.077380952380952,4.077380952380952,3.0,2.0,-2.0773809523809517,-2.0773809523809517,10.080000000000002,-6.979999999999997,-0.40914419695193427,0.15549637377262,631205674318439147,50342611814,52,1484,222,2003,,Один из лучших ordinary-skin pattern cases для поиска mispricing.
XM1014 | Seasons,StatTrak™ XM1014 | Seasons (Field-Tested),Spectrum Fade / Blue Leaf,650,0.8,0.8,21.92,19.07,3.3600000000000003,10,6.523809523809524,5.523809523809524,2.5,1.5,-4.023809523809524,-4.023809523809524,8.4,-13.520000000000001,-0.6167883211678832,0.15553048253059,794463791548579427,50267615323,52,1907,285,2003,,Один из лучших ordinary-skin pattern cases для поиска mispricing.
XM1014 | Seasons,StatTrak™ XM1014 | Seasons (Minimal Wear),Spectrum Fade / Blue Leaf,659,0.8,0.8,50.0,43.49,4.639,10,10.778184953653804,9.778184953653804,2.5,1.5,-8.278184953653804,-8.278184953653804,11.5975,-38.4025,-0.76805,0.11294230818748,714524901193439403,50177237023,53,4349,651,2003,,Один из лучших ordinary-skin pattern cases для поиска mispricing.
XM1014 | Seasons,StatTrak™ XM1014 | Seasons (Minimal Wear),Spectrum Fade / Blue Leaf,26,0.8,0.8,1542.08,1340.95,4.639,10,332.4164690666091,331.4164690666091,5.0,4.0,-327.4164690666091,-327.4164690666091,23.195,-1518.885,-0.9849586273085702,0.09983867406845,742661525166998019,48529340956,53,134095,20113,2003,,Один из лучших ordinary-skin pattern cases для поиска mispricing.
XM1014 | Seasons,XM1014 | Seasons (Battle-Scarred),Spectrum Fade / Blue Leaf,130,0.8,0.8,11.11,9.67,2.07,10,5.367149758454106,4.367149758454106,3.0,2.0,-2.367149758454106,-2.367149758454106,6.209999999999999,-4.9,-0.44104410441044106,0.47780621051788,756177581838374846,41378644443,23,967,144,2003,,Один из лучших ordinary-skin pattern cases для поиска mispricing.
XM1014 | Seasons,XM1014 | Seasons (Battle-Scarred),Spectrum Fade / Blue Leaf,442,0.8,0.8,63.17,54.94,2.07,10,30.516908212560388,29.516908212560388,2.5,1.5,-28.016908212560388,-28.016908212560388,5.175,-57.995000000000005,-0.9180782016780117,0.48692107200623,650344708424169005,46202495464,23,5494,823,2003,,Один из лучших ordinary-skin pattern cases для поиска mispricing.
XM1014 | Seasons,XM1014 | Seasons (Factory New),Spectrum Fade / Blue Leaf,115,0.8,0.8,15.0,13.05,6.956999999999999,10,2.15610176800345,1.1561017680034502,3.0,2.0,0.8438982319965498,0.8438982319965498,20.870999999999995,5.870999999999995,0.39139999999999975,0.04676420986652,640216116828246131,51190219628,137,1305,195,2003,,Один из лучших ordinary-skin pattern cases для поиска mispricing.
XM1014 | Seasons,XM1014 | Seasons (Factory New),Spectrum Fade / Blue Leaf,182,0.8,0.8,16.24,14.13,6.956999999999999,10,2.3343395141584016,1.3343395141584016,3.0,2.0,0.6656604858415984,0.6656604858415984,20.870999999999995,4.630999999999997,0.2851600985221676,0.05820490792394,657102640613666254,50568040194,137,1413,211,2003,,Один из лучших ordinary-skin pattern cases для поиска mispricing.
XM1014 | Seasons,XM1014 | Seasons (Factory New),Spectrum Fade / Blue Leaf,546,0.8,0.8,17.06,14.84,6.956999999999999,10,2.452206410809257,1.4522064108092572,2.5,1.5,0.047793589190742836,0.047793589190742836,17.3925,0.3324999999999996,0.019490035169988262,0.06480729579926,657103274636304624,50094309339,137,1484,222,2003,,Один из лучших ordinary-skin pattern cases для поиска mispricing.
XM1014 | Seasons,XM1014 | Seasons (Factory New),Spectrum Fade / Blue Leaf,598,0.8,0.8,34.11,29.67,6.956999999999999,10,4.902975420439845,3.9029754204398452,2.5,1.5,-2.4029754204398452,-2.4029754204398452,17.3925,-16.7175,-0.4901055408970977,0.00391556881368,771937563723665159,49085710109,137,2967,444,2003,,Один из лучших ordinary-skin pattern cases для поиска mispricing.
XM1014 | Seasons,XM1014 | Seasons (Factory New),Spectrum Fade / Blue Leaf,442,0.8,0.8,37.26,32.4,6.956999999999999,10,5.3557567917205695,4.3557567917205695,2.5,1.5,-2.8557567917205695,-2.8557567917205695,17.3925,-19.8675,-0.5332125603864735,0.06797633320093,785451428812339639,47895107722,137,3240,486,2003,,Один из лучших ordinary-skin pattern cases для поиска mispricing.
XM1014 | Seasons,XM1014 | Seasons (Factory New),Spectrum Fade / Blue Leaf,286,0.8,0.8,37.53,32.64,6.956999999999999,10,5.394566623544632,4.394566623544632,3.0,2.0,-2.394566623544632,-2.394566623544632,20.870999999999995,-16.659000000000006,-0.443884892086331,0.0020427510608,771937563723665555,49085710108,137,3264,489,2003,,Один из лучших ordinary-skin pattern cases для поиска mispricing.
XM1014 | Seasons,XM1014 | Seasons (Factory New),Spectrum Fade / Blue Leaf,286,0.8,0.8,56.86,49.45,6.956999999999999,10,8.173063101911744,7.173063101911744,3.0,2.0,-5.173063101911744,-5.173063101911744,20.870999999999995,-35.989000000000004,-0.6329405557509673,0.00036977400305,786577328733091223,49781519239,137,4945,741,2003,,Один из лучших ordinary-skin pattern cases для поиска mispricing.
XM1014 | Seasons,XM1014 | Seasons (Field-Tested),Spectrum Fade / Blue Leaf,546,0.8,0.8,4.63,4.03,1.934,10,2.394002068252327,1.3940020682523269,2.5,1.5,0.10599793174767314,0.10599793174767314,4.835,0.20500000000000007,0.0442764578833692,0.20796813070774,794463791548477331,47850497822,146,403,60,2003,,Один из лучших ordinary-skin pattern cases для поиска mispricing.
XM1014 | Seasons,XM1014 | Seasons (Field-Tested),Spectrum Fade / Blue Leaf,286,0.8,0.8,4.9,4.27,1.934,10,2.533609100310238,1.5336091003102381,3.0,2.0,0.4663908996897619,0.4663908996897619,5.802,0.9019999999999992,0.184081632653061,0.206105068326,794463791548480787,45545576987,146,427,63,2003,,Один из лучших ordinary-skin pattern cases для поиска mispricing.
XM1014 | Seasons,XM1014 | Seasons (Field-Tested),Spectrum Fade / Blue Leaf,605,0.8,0.8,9.5,8.27,1.934,10,4.912099276111686,3.912099276111686,2.5,1.5,-2.412099276111686,-2.412099276111686,4.835,-4.665,-0.4910526315789474,0.21366208791733,633457474146283050,20380912401,146,827,123,2003,,Один из лучших ordinary-skin pattern cases для поиска mispricing.
XM1014 | Seasons,XM1014 | Seasons (Field-Tested),Spectrum Fade / Blue Leaf,494,0.8,0.8,17.06,14.84,1.934,10,8.821096173733196,7.821096173733196,2.5,1.5,-6.321096173733196,-6.321096173733196,4.835,-12.224999999999998,-0.716588511137163,0.32153430581093,648097416155968988,50177822969,146,1484,222,2003,,Один из лучших ordinary-skin pattern cases для поиска mispricing.
XM1014 | Seasons,XM1014 | Seasons (Field-Tested),Spectrum Fade / Blue Leaf,234,0.8,0.8,17.25,15.0,1.934,10,8.91933815925543,7.91933815925543,3.0,2.0,-5.91933815925543,-5.91933815925543,5.802,-11.448,-0.6636521739130434,0.23372673988342,753920524187781566,17902192745,146,1500,225,2003,,Один из лучших ordinary-skin pattern cases для поиска mispricing.
XM1014 | Seasons,XM1014 | Seasons (Field-Tested),Spectrum Fade / Blue Leaf,650,0.8,0.8,25.0,21.75,1.934,10,12.926577042399174,11.926577042399174,2.5,1.5,-10.426577042399174,-10.426577042399174,4.835,-20.165,-0.8066,0.22042310237885,746039224899746325,48809272778,146,2175,325,2003,,Один из лучших ordinary-skin pattern cases для поиска mispricing.
XM1014 | Seasons,XM1014 | Seasons (Field-Tested),Spectrum Fade / Blue Leaf,26,0.8,0.8,64.17,55.8,1.934,10,33.1799379524302,32.1799379524302,5.0,4.0,-28.1799379524302,-28.1799379524302,9.67,-54.5,-0.8493065295309334,0.20084409415722,633459376601663895,13466061060,146,5580,837,2003,,Один из лучших ordinary-skin pattern cases для поиска mispricing.
XM1014 | Seasons,XM1014 | Seasons (Field-Tested),Spectrum Fade / Blue Leaf,334,0.8,0.8,125.09,108.79,1.934,10,64.6794208893485,63.679420889348506,2.5,1.5,-62.179420889348506,-62.179420889348506,4.835,-120.25500000000001,-0.9613478295627148,0.22126388549805,776443595405133930,29383980987,146,10879,1630,2003,,Один из лучших ordinary-skin pattern cases для поиска mispricing.
XM1014 | Seasons,XM1014 | Seasons (Field-Tested),Spectrum Fade / Blue Leaf,598,0.8,0.8,178.63,155.34,1.934,10,92.36297828335057,91.36297828335057,2.5,1.5,-89.86297828335057,-89.86297828335057,4.835,-173.795,-0.9729328780160107,0.20110723376274,806843527041788109,42716678251,146,15534,2329,2003,,Один из лучших ordinary-skin pattern cases для поиска mispricing.
XM1014 | Seasons,XM1014 | Seasons (Minimal Wear),Spectrum Fade / Blue Leaf,286,0.8,0.8,8.55,7.44,2.224,10,3.8444244604316546,2.8444244604316546,3.0,2.0,-0.8444244604316546,-0.8444244604316546,6.672000000000001,-1.8780000000000001,-0.21964912280701754,0.10705787688494,633460717410719701,50162654906,196,744,111,2003,,Один из лучших ordinary-skin pattern cases для поиска mispricing.
XM1014 | Seasons,XM1014 | Seasons (Minimal Wear),Spectrum Fade / Blue Leaf,955,0.8,0.8,12.83,11.17,2.224,10,5.76888489208633,4.76888489208633,2.5,1.5,-3.26888489208633,-3.26888489208633,5.5600000000000005,-7.27,-0.5666406858924395,0.09302185475826,743786879234310859,47974184925,196,1117,166,2003,,Один из лучших ordinary-skin pattern cases для поиска mispricing.
XM1014 | Seasons,XM1014 | Seasons (Minimal Wear),Spectrum Fade / Blue Leaf,598,0.8,0.8,13.64,11.87,2.224,10,6.133093525179856,5.133093525179856,2.5,1.5,-3.6330935251798557,-3.6330935251798557,5.5600000000000005,-8.08,-0.5923753665689149,0.10893074423075,632330309909887883,49970467125,196,1187,177,2003,,Один из лучших ordinary-skin pattern cases для поиска mispricing.
XM1014 | Seasons,XM1014 | Seasons (Minimal Wear),Spectrum Fade / Blue Leaf,442,0.8,0.8,14.89,12.96,2.224,10,6.695143884892086,5.695143884892086,2.5,1.5,-4.195143884892086,-4.195143884892086,5.5600000000000005,-9.33,-0.6265950302216252,0.10454738140106,722392155645428423,46991224535,196,1296,193,2003,,Один из лучших ordinary-skin pattern cases для поиска mispricing.
XM1014 | Seasons,XM1014 | Seasons (Minimal Wear),Spectrum Fade / Blue Leaf,605,0.8,0.8,23.54,20.48,2.224,10,10.584532374100718,9.584532374100718,2.5,1.5,-8.084532374100718,-8.084532374100718,5.5600000000000005,-17.979999999999997,-0.7638062871707731,0.13749870657921,758424123822024242,31008186982,196,2048,306,2003,,Один из лучших ordinary-skin pattern cases для поиска mispricing.
XM1014 | Seasons,XM1014 | Seasons (Minimal Wear),Spectrum Fade / Blue Leaf,115,0.8,0.8,117.71,102.37,2.224,10,52.92715827338129,51.92715827338129,3.0,2.0,-49.92715827338129,-49.92715827338129,6.672000000000001,-111.038,-0.9433183246962875,0.12891894578934,659352538205238163,37886303145,196,10237,1534,2003,,Один из лучших ordinary-skin pattern cases для поиска mispricing.
XM1014 | Seasons,XM1014 | Seasons (Minimal Wear),Spectrum Fade / Blue Leaf,442,0.8,0.8,345.0,300.0,2.224,10,155.12589928057554,154.12589928057554,2.5,1.5,-152.62589928057554,-152.62589928057554,5.5600000000000005,-339.44,-0.9838840579710145,0.13391907513142,734783396130228351,49094938035,196,30000,4500,2003,,Один из лучших ordinary-skin pattern cases для поиска mispricing.
XM1014 | XOXO,StatTrak™ XM1014 | XOXO (Field-Tested),Max Pink,443,0.7,0.7,21.4,18.61,5.879,10,3.6400748426603164,2.6400748426603164,1.6,0.6000000000000001,-2.0400748426603164,-2.0400748426603164,9.4064,-11.993599999999999,-0.5604485981308411,0.375622600317,633460717410686545,50158884298,51,1861,279,2003,,"Pattern niche, но вполне формализован."
XM1014 | XOXO,StatTrak™ XM1014 | XOXO (Well-Worn),Max Pink,443,0.7,0.7,12.3,10.7,5.909,10,2.08157048569978,1.08157048569978,1.6,0.6000000000000001,-0.48157048569978,-0.48157048569978,9.4544,-2.845600000000001,-0.23134959349593498,0.40044268965721,643593816554336773,50997095850,22,1070,160,2003,,"Pattern niche, но вполне формализован."
XM1014 | XOXO,XM1014 | XOXO (Field-Tested),Max Pink,218,0.7,0.7,17.1,14.88,4.419,10,3.8696537678207745,2.8696537678207745,1.6,0.6000000000000001,-2.2696537678207744,-2.2696537678207744,7.070399999999999,-10.029600000000002,-0.5865263157894738,0.29699599742889,633460717410703069,49997477743,230,1488,222,2003,,"Pattern niche, но вполне формализован."
XM1014 | Ziggy,XM1014 | Ziggy (Factory New),Max Purple,399,0.52,0.52,55.89,48.6,10.104000000000001,10,5.53147268408551,4.53147268408551,1.3,0.30000000000000004,-4.23147268408551,-4.23147268408551,13.135200000000001,-42.7548,-0.764981213097155,0.06187979876995,785451428812356091,48293036602,58,4860,729,2003,,"Более слабый premium, чем у Seasons/XOXO."
XM1014 | Ziggy,XM1014 | Ziggy (Factory New),Max Purple,703,0.52,0.52,93.12,80.99,10.104000000000001,10,9.216152019002374,8.216152019002374,1.3,0.30000000000000004,-7.916152019002374,-7.916152019002374,13.135200000000001,-79.9848,-0.8589432989690722,0.05970560014248,634586007399192833,49781255783,58,8099,1213,2003,,"Более слабый premium, чем у Seasons/XOXO."
